Workbook

Sheet Vendor_H
A1: Series | B1: CardType | C1: CardCode | D1: AliasName | E1: U_SLD_Title | F1: U_SLD_FullName | G1: CardName | H1: FederalTaxID | I1: GroupCode | J1: PayTermsGrpCode | K1: Currency | L1: VatGroup | M1: DownPaymentClearAct | N1: DebitorAccount | O1: Phone1 | P1: Phone2 | Q1: Fax | R1: GlobalLocationNumber
A2: Series | B2: CardType | C2: CardCode | D2: AliasName | E2: U_SLD_Title | F2: U_SLD_FullName | G2: CardName | H2: LicTradNum | I2: GroupCode | J2: GroupNum | K2: Currency | L2: ECVatGroup | M2: DpmClear | N2: DebPayAcct | O2: Phone1 | P2: Phone2 | Q2: Fax | R2: GlblLocNum
A3: =_xlfn.XLOOKUP(I3,Sheet1!B:B,Sheet1!A:A,0) -> 942 | B3: S | C3: 1 | D3: ก-0001 | F3: กองทุนรวมสิทธิการเช่าอสังหาริมทรัพย์ฟิวเจอร์พาร์ค | G3: กองทุนรวมสิทธิการเช่าอสังหาริมทรัพย์ฟิวเจอร์พาร์ค | H3: 994000628251 | I3: 109 | K3: THB | L3: IG07 | M3: _SYS00000000092 | N3: _SYS00000000146 | O3: 02-9580011 | Q3: 02-9580081 | R3: 0
A4: =_xlfn.XLOOKUP(I4,Sheet1!B:B,Sheet1!A:A,0) -> 939 | B4: S | C4: 2 | D4: ก-0002 | E4: บริษัท | F4: เกรท เฟรนด์ จำกัด | G4: บริษัท เกรท เฟรนด์ จำกัด | H4: 105561206957 | I4: 101 | K4: THB | L4: IG07 | M4: _SYS00000000092 | N4: _SYS00000000146 | R4: 0
A5: =_xlfn.XLOOKUP(I5,Sheet1!B:B,Sheet1!A:A,0) -> 940 | B5: S | C5: 3 | D5: ก-0003 | E5: นางสาว | F5: กันธิชา ชีพสมุทร | G5: นางสาว กันธิชา ชีพสมุทร | H5: 1229900559157 | I5: 107 | K5: THB | L5: IG07 | M5: _SYS00000000092 | N5: _SYS00000000146
A6: =_xlfn.XLOOKUP(I6,Sheet1!B:B,Sheet1!A:A,0) -> 939 | B6: S | C6: 4 | D6: ก-0004 | E6: บริษัท | F6: กูธ จำกัด | G6: บริษัท กูธ จำกัด | H6: 105549021438 | I6: 101 | K6: THB | L6: IG07 | M6: _SYS00000000092 | N6: _SYS00000000146 | O6: 02-1850908 | R6: 0
A7: =_xlfn.XLOOKUP(I7,Sheet1!B:B,Sheet1!A:A,0) -> 939 | B7: S | C7: 5 | D7: ก-0005 | E7: บริษัท | F7: กัชคลาวด์(ประเทศไทย)จำกัด | G7: บริษัท กัชคลาวด์(ประเทศไทย)จำกัด | H7: 105559067686 | I7: 101 | K7: THB | L7: IG07 | M7: _SYS00000000092 | N7: _SYS00000000146 | O7: 085-840-4940 | R7: 0
A8: =_xlfn.XLOOKUP(I8,Sheet1!B:B,Sheet1!A:A,0) -> 940 | B8: S | C8: 6 | D8: ก-0006 | E8: นางสาว | F8: กมเลศ ฤทธิ์เดชา | G8: นางสาว กมเลศ ฤทธิ์เดชา | H8: 1101800485864 | I8: 107 | K8: THB | L8: IG07 | M8: _SYS00000000092 | N8: _SYS00000000146
A9: =_xlfn.XLOOKUP(I9,Sheet1!B:B,Sheet1!A:A,0) -> 939 | B9: S | C9: 7 | D9: ก-0007 | E9: บริษัท | F9: กูรูเช็ค จำกัด | G9: บริษัท กูรูเช็ค จำกัด | H9: 105560136696 | I9: 101 | K9: THB | L9: IG07 | M9: _SYS00000000092 | N9: _SYS00000000146 | R9: 0
A10: =_xlfn.XLOOKUP(I10,Sheet1!B:B,Sheet1!A:A,0) -> 939 | B10: S | C10: 8 | D10: ก-0008 | E10: บริษัท | F10: กาไชย จำกัด | G10: บริษัท กาไชย จำกัด | H10: 105556155304 | I10: 101 | K10: THB | L10: IG07 | M10: _SYS00000000092 | N10: _SYS00000000146 | R10: 0
A11: =_xlfn.XLOOKUP(I11,Sheet1!B:B,Sheet1!A:A,0) -> 939 | B11: S | C11: 9 | D11: ก-0009 | E11: บริษัท | F11: กิฟต์แมนูแฟคตอรี่ จำกัด | G11: บริษัท กิฟต์แมนูแฟคตอรี่ จำกัด | H11: 105561131337 | I11: 101 | K11: THB | L11: IG07 | M11: _SYS00000000092 | N11: _SYS00000000146 | R11: 0
A12: =_xlfn.XLOOKUP(I12,Sheet1!B:B,Sheet1!A:A,0) -> 939 | B12: S | C12: 10 | D12: ก-0010 | E12: บริษัท | F12: ก้าวกระโดด เอ็นเตอร์เทนเมนท์ จำกัด | G12: บริษัท ก้าวกระโดด เอ็นเตอร์เทนเมนท์ จำกัด | H12: 105560054924 | I12: 101 | K12: THB | L12: IG07 | M12: _SYS00000000092 | N12: _SYS00000000146 | R12: 0
A13: =_xlfn.XLOOKUP(I13,Sheet1!B:B,Sheet1!A:A,0) -> 939 | B13: S | C13: 11 | D13: ก-0011 | E13: บริษัท | F13: กรุงเทพประกันภัย จำกัด (มหาชน) | G13: บริษัท กรุงเทพประกันภัย จำกัด (มหาชน) | H13: 107536000625 | I13: 101 | K13: THB | L13: IG07 | M13: _SYS00000000092 | N13: _SYS00000000146 | R13: 0
A14: =_xlfn.XLOOKUP(I14,Sheet1!B:B,Sheet1!A:A,0) -> 940 | B14: S | C14: 12 | D14: ก-0012 | E14: นางสาว | F14: กมลรัตน์ เรืองยศ | G14: นางสาว กมลรัตน์ เรืองยศ | H14: 1100702444801 | I14: 107 | K14: THB | L14: IG07 | M14: _SYS00000000092 | N14: _SYS00000000146
A15: =_xlfn.XLOOKUP(I15,Sheet1!B:B,Sheet1!A:A,0) -> 939 | B15: S | C15: 13 | D15: ก-0013 | E15: บริษัท | F15: กันติชา โปรดักชั่นส์ จำกัด | G15: บริษัท กันติชา โปรดักชั่นส์ จำกัด | H15: 105563136841 | I15: 101 | K15: THB | L15: IG07 | M15: _SYS00000000092 | N15: _SYS00000000146 | R15: 0
A16: =_xlfn.XLOOKUP(I16,Sheet1!B:B,Sheet1!A:A,0) -> 939 | B16: S | C16: 14 | D16: ก-0014 | E16: บริษัท | F16: ธนาคารกรุงไทย จำกัด (มหาชน) | G16: บริษัท ธนาคารกรุงไทย จำกัด (มหาชน) | H16: 107537000882 | I16: 101 | K16: THB | L16: IG07 | M16: _SYS00000000092 | N16: _SYS00000000146 | R16: 0
A17: =_xlfn.XLOOKUP(I17,Sheet1!B:B,Sheet1!A:A,0) -> 940 | B17: S | C17: 15 | D17: ก-0015 | E17: นางสาว | F17: กาญจนาพร ศรีสวัสดิ์ | G17: นางสาว กาญจนาพร ศรีสวัสดิ์ | H17: 1103702207306 | I17: 107 | K17: THB | L17: IG07 | M17: _SYS00000000092 | N17: _SYS00000000146
A18: =_xlfn.XLOOKUP(I18,Sheet1!B:B,Sheet1!A:A,0) -> 939 | B18: S | C18: 16 | D18: ก-0016 | E18: บริษัท | F18: กลุ๊กส์คินด์ จำกัด | G18: บริษัท กลุ๊กส์คินด์ จำกัด | H18: 205564033173 | I18: 101 | K18: THB | L18: IG07 | M18: _SYS00000000092 | N18: _SYS00000000146 | R18: 0
A19: =_xlfn.XLOOKUP(I19,Sheet1!B:B,Sheet1!A:A,0) -> 985 | B19: S | C19: 17 | D19: ก-0017 | E19: ห้างหุ้นส่วนจำกัด | F19: กราฟฟิกโซน | G19: ห้างหุ้นส่วนจำกัด กราฟฟิกโซน | H19: 403557001179 | I19: 108 | K19: THB | L19: IG07 | M19: _SYS00000000092 | N19: _SYS00000000146 | R19: 0
A20: =_xlfn.XLOOKUP(I20,Sheet1!B:B,Sheet1!A:A,0) -> 939 | B20: S | C20: 18 | D20: ก-0018 | E20: บริษัท | F20: เก๋ไก๋ สไลเดอร์ จำกัด | G20: บริษัท เก๋ไก๋ สไลเดอร์ จำกัด | H20: 135564014625 | I20: 101 | K20: THB | L20: IG07 | M20: _SYS00000000092 | N20: _SYS00000000146 | R20: 0
A21: =_xlfn.XLOOKUP(I21,Sheet1!B:B,Sheet1!A:A,0) -> 940 | B21: S | C21: 19 | D21: ก-0019 | E21: นาย | F21: กันตพงศ์ พรมพิทักษ์ | G21: นาย กันตพงศ์ พรมพิทักษ์ | H21: 1749900432497 | I21: 107 | K21: THB | L21: IG07 | M21: _SYS00000000092 | N21: _SYS00000000146
A22: =_xlfn.XLOOKUP(I22,Sheet1!B:B,Sheet1!A:A,0) -> 939 | B22: S | C22: 20 | D22: ก-0020 | E22: บริษัท | F22: กัญญา เฮ้าส์ จำกัด | G22: บริษัท กัญญา เฮ้าส์ จำกัด | H22: 105564141261 | I22: 101 | K22: THB | L22: IG07 | M22: _SYS00000000092 | N22: _SYS00000000146 | R22: 0
A23: =_xlfn.XLOOKUP(I23,Sheet1!B:B,Sheet1!A:A,0) -> 985 | B23: S | C23: 21 | D23: ก-0021 | E23: ห้างหุ้นส่วนจำกัด | F23: ก้าวนำ โฆษณา | G23: ห้างหุ้นส่วนจำกัด ก้าวนำ โฆษณา | H23: 213548002976 | I23: 108 | K23: THB | L23: IG07 | M23: _SYS00000000092 | N23: _SYS00000000146 | R23: 0
A24: =_xlfn.XLOOKUP(I24,Sheet1!B:B,Sheet1!A:A,0) -> 939 | B24: S | C24: 22 | D24: ก-0022 | E24: บริษัท | F24: ก้าวหน้า 99 จำกัด | G24: บริษัท ก้าวหน้า 99 จำกัด | H24: 105552128981 | I24: 101 | K24: THB | L24: IG07 | M24: _SYS00000000092 | N24: _SYS00000000146 | R24: 0
A25: =_xlfn.XLOOKUP(I25,Sheet1!B:B,Sheet1!A:A,0) -> 939 | B25: S | C25: 23 | D25: ก-0023 | E25: บริษัท | F25: โกลเด้น ไทม์ พริ้นติ้ง จำกัด | G25: บริษัท โกลเด้น ไทม์ พริ้นติ้ง จำกัด | H25: 105539047655 | I25: 101 | K25: THB | L25: IG07 | M25: _SYS00000000092 | N25: _SYS00000000146 | R25: 0
A26: =_xlfn.XLOOKUP(I26,Sheet1!B:B,Sheet1!A:A,0) -> 939 | B26: S | C26: 24 | D26: ก-0024 | E26: บริษัท | F26: เก็ทเบรด จำกัด | G26: บริษัท เก็ทเบรด จำกัด | H26: 135566024547 | I26: 101 | K26: THB | L26: IG07 | M26: _SYS00000000092 | N26: _SYS00000000146 | R26: 0
A27: =_xlfn.XLOOKUP(I27,Sheet1!B:B,Sheet1!A:A,0) -> 939 | B27: S | C27: 25 | D27: ก-0025 | E27: บริษัท | F27: กันตา 136 (ไทยแลนด์) จำกัด | G27: บริษัท กันตา 136 (ไทยแลนด์) จำกัด | H27: 305564006141 | I27: 101 | K27: THB | L27: IG07 | M27: _SYS00000000092 | N27: _SYS00000000146 | R27: 0
A28: =_xlfn.XLOOKUP(I28,Sheet1!B:B,Sheet1!A:A,0) -> 939 | B28: S | C28: 26 | D28: ค-0001 | E28: บริษัท | F28: โคตรคูล จำกัด | G28: บริษัท โคตรคูล จำกัด | H28: 105560091714 | I28: 101 | K28: THB | L28: IG07 | M28: _SYS00000000092 | N28: _SYS00000000146 | R28: 0
A29: =_xlfn.XLOOKUP(I29,Sheet1!B:B,Sheet1!A:A,0) -> 939 | B29: S | C29: 27 | D29: ค-0002 | E29: บริษัท | F29: ควอนต้าซิสเต็มส์ เอเซียแปซิฟิค จำกัด | G29: บริษัท ควอนต้าซิสเต็มส์ เอเซียแปซิฟิค จำกัด | H29: 105554045919 | I29: 101 | K29: THB | L29: IG07 | M29: _SYS00000000092 | N29: _SYS00000000146 | R29: 0
A30: =_xlfn.XLOOKUP(I30,Sheet1!B:B,Sheet1!A:A,0) -> 939 | B30: S | C30: 28 | D30: ค-0003 | E30: บริษัท | F30: คาณีน ลาปิเน่ แอดวานซ์ จำกัด | G30: บริษัท คาณีน ลาปิเน่ แอดวานซ์ จำกัด | H30: 105560012512 | I30: 101 | K30: THB | L30: IG07 | M30: _SYS00000000092 | N30: _SYS00000000146 | R30: 0
A31: =_xlfn.XLOOKUP(I31,Sheet1!B:B,Sheet1!A:A,0) -> 939 | B31: S | C31: 29 | D31: ค-0004 | E31: บริษัท | F31: เคเค แฮปปี้ จำกัด | G31: บริษัท เคเค แฮปปี้ จำกัด | H31: 105564087011 | I31: 101 | K31: THB | L31: IG07 | M31: _SYS00000000092 | N31: _SYS00000000146 | R31: 0
A32: =_xlfn.XLOOKUP(I32,Sheet1!B:B,Sheet1!A:A,0) -> 939 | B32: S | C32: 30 | D32: ค-0005 | E32: บริษัท | F32: คุณแม่แจ็ค จำกัด | G32: บริษัท คุณแม่แจ็ค จำกัด | H32: 125558023316 | I32: 101 | K32: THB | L32: IG07 | M32: _SYS00000000092 | N32: _SYS00000000146 | R32: 0
A33: =_xlfn.XLOOKUP(I33,Sheet1!B:B,Sheet1!A:A,0) -> 939 | B33: S | C33: 31 | D33: ค-0006 | E33: บริษัท | F33: คอมเซเว่น จำกัด (มหาชน) | G33: บริษัท คอมเซเว่น จำกัด (มหาชน) | H33: 107557000462 | I33: 101 | K33: THB | L33: IG07 | M33: _SYS00000000092 | N33: _SYS00000000146 | R33: 0
... A47: =_xlfn.XLOOKUP(I47,Sheet1!B:B,Sheet1!A:A,0) -> 939 | B47: S | C47: 45 | D47: ค-0020 | E47: บริษัท | F47: คอมมอนเดย์ จำกัด | G47: บริษัท คอมมอนเดย์ จำกัด | H47: 105567090926 | I47: 101 | K47: THB | L47: IG07 | M47: _SYS00000000092 | N47: _SYS00000000146 | R47: 0
A48: =_xlfn.XLOOKUP(I48,Sheet1!B:B,Sheet1!A:A,0) -> 940 | B48: S | C48: 46 | D48: ฆ-0001 | E48: นาย | F48: ฆนพัฒน์ หมื่นจินะ | G48: นาย ฆนพัฒน์ หมื่นจินะ | H48: 1529900485886 | I48: 107 | K48: THB | L48: IG07 | M48: _SYS00000000092 | N48: _SYS00000000146
A49: =_xlfn.XLOOKUP(I49,Sheet1!B:B,Sheet1!A:A,0) -> 939 | B49: S | C49: 47 | D49: ง-0001 | E49: บริษัท | F49: งามวงศ์วานซอปปิ้งมอลล์ จำกัด | G49: บริษัท งามวงศ์วานซอปปิ้งมอลล์ จำกัด | H49: 105532042712 | I49: 101 | K49: THB | L49: IG07 | M49: _SYS00000000092 | N49: _SYS00000000146 | R49: 0
A50: =_xlfn.XLOOKUP(I50,Sheet1!B:B,Sheet1!A:A,0) -> 939 | B50: S | C50: 48 | D50: จ-0001 | E50: บริษัท | F50: เจ อาร์ โกลบอล คอมเมิร์ซ จำกัด | G50: บริษัท เจ อาร์ โกลบอล คอมเมิร์ซ จำกัด | H50: 105560096988 | I50: 101 | J50: 2 | K50: THB | L50: IG07 | M50: _SYS00000000092 | N50: _SYS00000000146 | R50: 0
A51: =_xlfn.XLOOKUP(I51,Sheet1!B:B,Sheet1!A:A,0) -> 939 | B51: S | C51: 49 | D51: จ-0002 | E51: บริษัท | F51: เจ.คิม 2010 จำกัด | G51: บริษัท เจ.คิม 2010 จำกัด | H51: 105552089587 | I51: 101 | K51: THB | L51: IG07 | M51: _SYS00000000092 | N51: _SYS00000000146 | R51: 0
A52: =_xlfn.XLOOKUP(I52,Sheet1!B:B,Sheet1!A:A,0) -> 939 | B52: S | C52: 50 | D52: จ-0003 | E52: บริษัท | F52: เจโฟซี มีเดีย จำกัด | G52: บริษัท เจโฟซี มีเดีย จำกัด | H52: 105564093606 | I52: 101 | K52: THB | L52: IG07 | M52: _SYS00000000092 | N52: _SYS00000000146 | R52: 0
A53: =_xlfn.XLOOKUP(I53,Sheet1!B:B,Sheet1!A:A,0) -> 939 | B53: S | C53: 51 | D53: จ-0004 | E53: บริษัท | F53: เจ.ไอ.บี.คอมพิวเตอร์ กรุ๊ป จำกัด | G53: บริษัท เจ.ไอ.บี.คอมพิวเตอร์ กรุ๊ป จำกัด | H53: 3030522191 | I53: 101 | K53: THB | L53: IG07 | M53: _SYS00000000092 | N53: _SYS00000000146 | R53: 0
A54: =_xlfn.XLOOKUP(I54,Sheet1!B:B,Sheet1!A:A,0) -> 939 | B54: S | C54: 52 | D54: จ-0005 | E54: บริษัท | F54: จีบี สไตย์ จำกัด | G54: บริษัท จีบี สไตย์ จำกัด | H54: 125565015552 | I54: 101 | K54: THB | L54: IG07 | M54: _SYS00000000092 | N54: _SYS00000000146 | R54: 0
A55: =_xlfn.XLOOKUP(I55,Sheet1!B:B,Sheet1!A:A,0) -> 939 | B55: S | C55: 53 | D55: จ-0006 | E55: บริษัท | F55: จีซีเอ็มจี จำกัด | G55: บริษัท จีซีเอ็มจี จำกัด | H55: 105544108012 | I55: 101 | K55: THB | L55: IG07 | M55: _SYS00000000092 | N55: _SYS00000000146 | R55: 0
A56: =_xlfn.XLOOKUP(I56,Sheet1!B:B,Sheet1!A:A,0) -> 940 | B56: S | C56: 54 | D56: จ-0007 | E56: นางสาว | F56: จุฬาลักษณ์ สุวรรณคีรี | G56: นางสาว จุฬาลักษณ์ สุวรรณคีรี | H56: 1160100282722 | I56: 107 | K56: THB | L56: IG07 | M56: _SYS00000000092 | N56: _SYS00000000146
A57: =_xlfn.XLOOKUP(I57,Sheet1!B:B,Sheet1!A:A,0) -> 939 | B57: S | C57: 55 | D57: จ-0008 | E57: บริษัท | F57: จีเอ็มเอ็ม มีเดีย จำกัด (มหาชน) | G57: บริษัท จีเอ็มเอ็ม มีเดีย จำกัด (มหาชน) | H57: 107545000276 | I57: 101 | K57: THB | L57: IG07 | M57: _SYS00000000092 | N57: _SYS00000000146 | R57: 0
A58: =_xlfn.XLOOKUP(I58,Sheet1!B:B,Sheet1!A:A,0) -> 939 | B58: S | C58: 56 | D58: จ-0009 | E58: บริษัท | F58: จดอ.จำกัด | G58: บริษัท จดอ.จำกัด | H58: 105563058289 | I58: 101 | K58: THB | L58: IG07 | M58: _SYS00000000092 | N58: _SYS00000000146 | R58: 0
A59: =_xlfn.XLOOKUP(I59,Sheet1!B:B,Sheet1!A:A,0) -> 939 | B59: S | C59: 57 | D59: จ-0010 | E59: บริษัท | F59: จะออกไปแตะขอบฟ้า จำกัด | G59: บริษัท จะออกไปแตะขอบฟ้า จำกัด | H59: 115566001342 | I59: 101 | K59: THB | L59: IG07 | M59: _SYS00000000092 | N59: _SYS00000000146 | R59: 0
A60: =_xlfn.XLOOKUP(I60,Sheet1!B:B,Sheet1!A:A,0) -> 939 | B60: S | C60: 58 | D60: จ-0011 | E60: บริษัท | F60: จงที (ไทย) อิมปอร์ต เอ็กซ์ปอร์ต จำกัด | G60: บริษัท จงที (ไทย) อิมปอร์ต เอ็กซ์ปอร์ต จำกัด | H60: 105538090603 | I60: 101 | K60: THB | L60: IG07 | M60: _SYS00000000092 | N60: _SYS00000000146 | R60: 0
A61: =_xlfn.XLOOKUP(I61,Sheet1!B:B,Sheet1!A:A,0) -> 939 | B61: S | C61: 59 | D61: จ-0012 | E61: บริษัท | F61: เจน เอ็นเตอร์ไพรส์ จำกัด | G61: บริษัท เจน เอ็นเตอร์ไพรส์ จำกัด | H61: 125565011956 | I61: 101 | K61: THB | L61: IG07 | M61: _SYS00000000092 | N61: _SYS00000000146 | R61: 0
A62: =_xlfn.XLOOKUP(I62,Sheet1!B:B,Sheet1!A:A,0) -> 939 | B62: S | C62: 60 | D62: จ-0013 | E62: บริษัท | F62: เจ ดับบลิว คอร์ปอเรชั่น จำกัด | G62: บริษัท เจ ดับบลิว คอร์ปอเรชั่น จำกัด | H62: 105557136311 | I62: 101 | K62: THB | L62: IG07 | M62: _SYS00000000092 | N62: _SYS00000000146 | R62: 0
A63: =_xlfn.XLOOKUP(I63,Sheet1!B:B,Sheet1!A:A,0) -> 939 | B63: S | C63: 61 | D63: ช-0001 | E63: บริษัท | F63: ชัยเทพอารี แพคเก็ตจิ้ง จำกัด | G63: บริษัท ชัยเทพอารี แพคเก็ตจิ้ง จำกัด | H63: 105552080300 | I63: 101 | K63: THB | L63: IG07 | M63: _SYS00000000092 | N63: _SYS00000000146 | R63: 0
A64: =_xlfn.XLOOKUP(I64,Sheet1!B:B,Sheet1!A:A,0) -> 939 | B64: S | C64: 62 | D64: ช-0002 | E64: บริษัท | F64: โชว์ไร้ขีด จำกัด | G64: บริษัท โชว์ไร้ขีด จำกัด | H64: 105543107781 | I64: 101 | K64: THB | L64: IG07 | M64: _SYS00000000092 | N64: _SYS00000000146 | R64: 0
A65: =_xlfn.XLOOKUP(I65,Sheet1!B:B,Sheet1!A:A,0) -> 939 | B65: S | C65: 63 | D65: ช-0003 | E65: บริษัท | F65: เชียงใหม่รายวัน จำกัด | G65: บริษัท เชียงใหม่รายวัน จำกัด | H65: 505534001017 | I65: 101 | K65: THB | L65: IG07 | M65: _SYS00000000092 | N65: _SYS00000000146 | R65: 0
A66: =_xlfn.XLOOKUP(I66,Sheet1!B:B,Sheet1!A:A,0) -> 939 | B66: S | C66: 64 | D66: ช-0004 | E66: บริษัท | F66: เชด ออฟ โกลว์ จำกัด | G66: บริษัท เชด ออฟ โกลว์ จำกัด | H66: 105565017113 | I66: 101 | K66: THB | L66: IG07 | M66: _SYS00000000092 | N66: _SYS00000000146 | R66: 0
A67: =_xlfn.XLOOKUP(I67,Sheet1!B:B,Sheet1!A:A,0) -> 939 | B67: S | C67: 65 | D67: ช-0005 | E67: บริษัท | F67: ช้างทริคซ์เกต จำกัด | G67: บริษัท ช้างทริคซ์เกต จำกัด | H67: 125562007583 | I67: 101 | K67: THB | L67: IG07 | M67: _SYS00000000092 | N67: _SYS00000000146 | R67: 0
A68: =_xlfn.XLOOKUP(I68,Sheet1!B:B,Sheet1!A:A,0) -> 940 | B68: S | C68: 66 | D68: ช-0006 | E68: นาง | F68: นาง ชมพูนุช สดงาม | G68: นาง ชมพูนุช สดงาม | H68: 3100602575595 | I68: 107 | K68: THB | L68: IG07 | M68: _SYS00000000092 | N68: _SYS00000000146
A69: =_xlfn.XLOOKUP(I69,Sheet1!B:B,Sheet1!A:A,0) -> 940 | B69: S | C69: 67 | D69: ช-0007 | E69: นาย | F69: ชยานันท์ ดลเจิม | G69: นาย ชยานันท์ ดลเจิม | H69: 1469900462071 | I69: 107 | K69: THB | L69: IG07 | M69: _SYS00000000092 | N69: _SYS00000000146
A70: =_xlfn.XLOOKUP(I70,Sheet1!B:B,Sheet1!A:A,0) -> 939 | B70: S | C70: 68 | D70: ช-0008 | E70: บริษัท | F70: โชติฐกรณ์พิบูลย์ จำกัด | G70: บริษัท โชติฐกรณ์พิบูลย์ จำกัด | H70: 605553000119 | I70: 101 | K70: THB | L70: IG07 | M70: _SYS00000000092 | N70: _SYS00000000146 | R70: 0
A71: =_xlfn.XLOOKUP(I71,Sheet1!B:B,Sheet1!A:A,0) -> 939 | B71: S | C71: 69 | D71: ช-0009 | E71: บริษัท | F71: ชาญสมร จำกัด | G71: บริษัท ชาญสมร จำกัด | H71: 735565004288 | I71: 101 | K71: THB | L71: IG07 | M71: _SYS00000000092 | N71: _SYS00000000146 | R71: 0
A72: =_xlfn.XLOOKUP(I72,Sheet1!B:B,Sheet1!A:A,0) -> 939 | B72: S | C72: 70 | D72: สำนักงานใหญ่ | E72: บริษัท | F72: เซ็นทรัลพัฒนา จำกัด (มหาชน) | G72: บริษัท เซ็นทรัลพัฒนา จำกัด (มหาชน) | H72: 107537002443 | I72: 101 | K72: THB | L72: IG07 | M72: _SYS00000000092 | N72: _SYS00000000146 | R72: 0
A73: =_xlfn.XLOOKUP(I73,Sheet1!B:B,Sheet1!A:A,0) -> 939 | B73: S | C73: 71 | D73: สาขาที่ 1 | E73: บริษัท | F73: เซ็นทรัลพัฒนา จำกัด (มหาชน)สาขาลาดพร้าว | G73: บริษัท เซ็นทรัลพัฒนา จำกัด (มหาชน)สาขาลาดพร้าว | H73: 107537002443 | I73: 101 | K73: THB | L73: IG07 | M73: _SYS00000000092 | N73: _SYS00000000146 | R73: 1
A74: =_xlfn.XLOOKUP(I74,Sheet1!B:B,Sheet1!A:A,0) -> 939 | B74: S | C74: 72 | D74: สาขาที่ 2 | E74: บริษัท | F74: เซ็นทรัลพัฒนา จำกัด (มหาชน)สาขารามอินทรา | G74: บริษัท เซ็นทรัลพัฒนา จำกัด (มหาชน)สาขารามอินทรา | H74: 107537002443 | I74: 101 | K74: THB | L74: IG07 | M74: _SYS00000000092 | N74: _SYS00000000146 | R74: 2
A75: =_xlfn.XLOOKUP(I75,Sheet1!B:B,Sheet1!A:A,0) -> 939 | B75: S | C75: 73 | D75: สาขาที่ 3 | E75: บริษัท | F75: เซ็นทรัลพัฒนา จำกัด (มหาชน)สาขาปิ่นเกล้า | G75: บริษัท เซ็นทรัลพัฒนา จำกัด (มหาชน)สาขาปิ่นเกล้า | H75: 107537002443 | I75: 101 | K75: THB | L75: IG07 | M75: _SYS00000000092 | N75: _SYS00000000146 | R75: 3
A76: =_xlfn.XLOOKUP(I76,Sheet1!B:B,Sheet1!A:A,0) -> 939 | B76: S | C76: 74 | D76: สาขาที่ 4 | E76: บริษัท | F76: เซ็นทรัลพัฒนา จำกัด (มหาชน)สาขาพระราม3 | G76: บริษัท เซ็นทรัลพัฒนา จำกัด (มหาชน)สาขาพระราม 3 | H76: 107537002443 | I76: 101 | K76: THB | L76: IG07 | M76: _SYS00000000092 | N76: _SYS00000000146 | R76: 5
A77: =_xlfn.XLOOKUP(I77,Sheet1!B:B,Sheet1!A:A,0) -> 939 | B77: S | C77: 75 | D77: สาขาที่ 5 | E77: บริษัท | F77: เซ็นทรัลพัฒนา จำกัด (มหาชน)สาขาพระราม2 | G77: บริษัท เซ็นทรัลพัฒนา จำกัด (มหาชน)สาขาพระราม 2 | H77: 107537002443 | I77: 101 | K77: THB | L77: IG07 | M77: _SYS00000000092 | N77: _SYS00000000146 | R77: 6
A78: =_xlfn.XLOOKUP(I78,Sheet1!B:B,Sheet1!A:A,0) -> 939 | B78: S | C78: 76 | D78: สาขาที่ 6 | E78: บริษัท | F78: เซ็นทรัลพัฒนา จำกัด (มหาชน)สาขาแจ้งวัฒนะ | G78: บริษัท เซ็นทรัลพัฒนา จำกัด (มหาชน)สาขาแจ้งวัฒนะ | H78: 107537002443 | I78: 101 | K78: THB | L78: IG07 | M78: _SYS00000000092 | N78: _SYS00000000146 | R78: 7
A79: =_xlfn.XLOOKUP(I79,Sheet1!B:B,Sheet1!A:A,0) -> 939 | B79: S | C79: 77 | D79: สาขาที่ 7 | E79: บริษัท | F79: เซ็นทรัลพัฒนา จำกัด (มหาชน)สาขาเชียงใหม่ | G79: บริษัท เซ็นทรัลพัฒนา จำกัด (มหาชน)สาขาเชียงใหม่ | H79: 107537002443 | I79: 101 | K79: THB | L79: IG07 | M79: _SYS00000000092 | N79: _SYS00000000146 | R79: 10
A80: =_xlfn.XLOOKUP(I80,Sheet1!B:B,Sheet1!A:A,0) -> 939 | B80: S | C80: 78 | D80: สาขาที่ 8 | E80: บริษัท | F80: เซ็นทรัลพัฒนา จำกัด (มหาชน)สาขาหาดใหญ่ | G80: บริษัท เซ็นทรัลพัฒนา จำกัด (มหาชน)สาขาหาดใหญ่ | H80: 107537002443 | I80: 101 | K80: THB | L80: IG07 | M80: _SYS00000000092 | N80: _SYS00000000146 | R80: 11
A81: =_xlfn.XLOOKUP(I81,Sheet1!B:B,Sheet1!A:A,0) -> 939 | B81: S | C81: 79 | D81: สาขาที่ 9 | E81: บริษัท | F81: เซ็นทรัลพัฒนา จำกัด (มหาชน)สาขาศาลายา | G81: บริษัท เซ็นทรัลพัฒนา จำกัด (มหาชน)สาขาศาลายา | H81: 107537002443 | I81: 101 | K81: THB | L81: IG07 | M81: _SYS00000000092 | N81: _SYS00000000146 | R81: 13
... A96: =_xlfn.XLOOKUP(I96,Sheet1!B:B,Sheet1!A:A,0) -> 939 | B96: S | C96: 94 | D96: ซ-0025 | E96: บริษัท | F96: ซีพีเอ็นโคราชจำกัดสาขาชลบุรี | G96: บริษัท ซีพีเอ็น โคราช จำกัด สาขาชลบุรี | H96: 105557047068 | I96: 101 | K96: THB | L96: IG07 | M96: _SYS00000000092 | N96: _SYS00000000146 | R96: 3
A97: =_xlfn.XLOOKUP(I97,Sheet1!B:B,Sheet1!A:A,0) -> 939 | B97: S | C97: 95 | D97: ซ-0026 | E97: บริษัท | F97: เซเลส (ประเทศไทย) จำกัด | G97: บริษัท เซเลส (ประเทศไทย) จำกัด | H97: 105547108510 | I97: 101 | J97: 2 | K97: THB | L97: IG07 | M97: _SYS00000000092 | N97: _SYS00000000146 | R97: 0
A98: =_xlfn.XLOOKUP(I98,Sheet1!B:B,Sheet1!A:A,0) -> 939 | B98: S | C98: 96 | D98: ซ-0027 | E98: บริษัท | F98: ซัพพลาย กรีน เซอร์วิส จำกัด | G98: บริษัท ซัพพลาย กรีน เซอร์วิส จำกัด | H98: 105555096592 | I98: 101 | K98: THB | L98: IG07 | M98: _SYS00000000092 | N98: _SYS00000000146 | R98: 0
A99: =_xlfn.XLOOKUP(I99,Sheet1!B:B,Sheet1!A:A,0) -> 939 | B99: S | C99: 97 | D99: ซ-0028 | E99: บริษัท | F99: ซิลลิค ฟาร์มา จำกัด | G99: บริษัท ซิลลิค ฟาร์มา จำกัด | H99: 105539106911 | I99: 101 | J99: 2 | K99: THB | L99: IG07 | M99: _SYS00000000092 | N99: _SYS00000000146 | R99: 0
A100: =_xlfn.XLOOKUP(I100,Sheet1!B:B,Sheet1!A:A,0) -> 939 | B100: S | C100: 98 | D100: ซ-0029 | E100: บริษัท | F100: ซีคอน ดีเวลลอปเมนท์ จำกัด(มหาชน) | G100: บริษัท ซีคอน ดีเวลลอปเมนท์ จำกัด(มหาชน) | H100: 107545000012 | I100: 101 | K100: THB | L100: IG07 | M100: _SYS00000000092 | N100: _SYS00000000146 | R100: 0
A101: =_xlfn.XLOOKUP(I101,Sheet1!B:B,Sheet1!A:A,0) -> 939 | B101: S | C101: 99 | D101: ซ-0030 | E101: บริษัท | F101: โซกู๊ด เอนเตอร์เทนเมนท์ จำกัด | G101: บริษัท โซกู๊ด เอนเตอร์เทนเมนท์ จำกัด | H101: 105561056190 | I101: 101 | K101: THB | L101: IG07 | M101: _SYS00000000092 | N101: _SYS00000000146 | R101: 0
A102: =_xlfn.XLOOKUP(I102,Sheet1!B:B,Sheet1!A:A,0) -> 939 | B102: S | C102: 100 | D102: ซ-0031 | E102: บริษัท | F102: ซันฟลาว เอวา จำกัด | G102: บริษัท ซันฟลาว เอวา จำกัด | H102: 125564008196 | I102: 101 | K102: THB | L102: IG07 | M102: _SYS00000000092 | N102: _SYS00000000146 | R102: 0
A103: =_xlfn.XLOOKUP(I103,Sheet1!B:B,Sheet1!A:A,0) -> 939 | B103: S | C103: 101 | D103: ซ-0032 | E103: บริษัท | F103: ซิงค์ อัพ จำกัด | G103: บริษัท ซิงค์ อัพ จำกัด | H103: 125564017535 | I103: 101 | K103: THB | L103: IG07 | M103: _SYS00000000092 | N103: _SYS00000000146 | R103: 0
A104: =_xlfn.XLOOKUP(I104,Sheet1!B:B,Sheet1!A:A,0) -> 939 | B104: S | C104: 102 | D104: ซ-0033 | E104: บริษัท | F104: เซ็นทรัลโฆษณา จำกัด | G104: บริษัท เซ็นทรัลโฆษณา จำกัด | H104: 413558000273 | I104: 101 | K104: THB | L104: IG07 | M104: _SYS00000000092 | N104: _SYS00000000146 | R104: 0
A105: =_xlfn.XLOOKUP(I105,Sheet1!B:B,Sheet1!A:A,0) -> 939 | B105: S | C105: 103 | D105: ซ-0034 | E105: บริษัท | F105: ซุปเปอร์แธงกี้โปรดักชั่น จำกัด | G105: บริษัท ซุปเปอร์แธงกี้โปรดักชั่น จำกัด | H105: 205564004491 | I105: 101 | K105: THB | L105: IG07 | M105: _SYS00000000092 | N105: _SYS00000000146 | R105: 0
A106: =_xlfn.XLOOKUP(I106,Sheet1!B:B,Sheet1!A:A,0) -> 939 | B106: S | C106: 104 | D106: ซ-0035 | E106: บริษัท | F106: ซิลิคอน เทคโนโลยี แอนด์ เซอร์วิส จำกัด | G106: บริษัท ซิลิคอน เทคโนโลยี แอนด์ เซอร์วิส จำกัด | H106: 105535003831 | I106: 101 | K106: THB | L106: IG07 | M106: _SYS00000000092 | N106: _SYS00000000146 | R106: 0
A107: =_xlfn.XLOOKUP(I107,Sheet1!B:B,Sheet1!A:A,0) -> 939 | B107: S | C107: 105 | D107: ซ-0036 | E107: บริษัท | F107: โซลบีเวอร์ จำกัด | G107: บริษัท โซลบีเวอร์ จำกัด | H107: 105563061310 | I107: 101 | K107: THB | L107: IG07 | M107: _SYS00000000092 | N107: _SYS00000000146 | R107: 0
A108: =_xlfn.XLOOKUP(I108,Sheet1!B:B,Sheet1!A:A,0) -> 939 | B108: S | C108: 106 | D108: ซ-0037 | E108: บริษัท | F108: ซีพีเค ทูลส์ แอนด์ ดายส์ แมนูแฟคเจอริ่ง จำกัด | G108: บริษัท ซีพีเค ทูลส์ แอนด์ ดายส์ แมนูแฟคเจอริ่ง จำกัด | H108: 105548096469 | I108: 101 | K108: THB | L108: IG07 | M108: _SYS00000000092 | N108: _SYS00000000146 | R108: 0
A109: =_xlfn.XLOOKUP(I109,Sheet1!B:B,Sheet1!A:A,0) -> 939 | B109: S | C109: 107 | D109: ซ-0038 | E109: บริษัท | F109: ซี25 จำกัด | G109: บริษัท ซี25 จำกัด | H109: 105565147637 | I109: 101 | K109: THB | L109: IG07 | M109: _SYS00000000092 | N109: _SYS00000000146 | R109: 0
A110: =_xlfn.XLOOKUP(I110,Sheet1!B:B,Sheet1!A:A,0) -> 939 | B110: S | C110: 108 | D110: ซ-0039 | E110: บริษัท | F110: เซ็นทรัล พริ้นติ้ง แอนด์ แอดเวอร์ไทซิ่ง จำกัด | G110: บริษัท เซ็นทรัล พริ้นติ้ง แอนด์ แอดเวอร์ไทซิ่ง จำกัด | H110: 105559001545 | I110: 101 | K110: THB | L110: IG07 | M110: _SYS00000000092 | N110: _SYS00000000146 | R110: 0
A111: =_xlfn.XLOOKUP(I111,Sheet1!B:B,Sheet1!A:A,0) -> 939 | B111: S | C111: 109 | D111: ซ-0040 | E111: บริษัท | F111: ซีล อินเตอร์แอคทีฟ จำกัด | G111: บริษัท ซีล อินเตอร์แอคทีฟ จำกัด | H111: 105561015086 | I111: 101 | K111: THB | L111: IG07 | M111: _SYS00000000092 | N111: _SYS00000000146 | R111: 0
... A115: =_xlfn.XLOOKUP(I115,Sheet1!B:B,Sheet1!A:A,0) -> 939 | B115: S | C115: 113 | D115: ซ-0044 | E115: บริษัท | F115: ซีดับบลิว ฮับ เฮ้าส์ จำกัด | G115: บริษัท ซีดับบลิว ฮับ เฮ้าส์ จำกัด | H115: 425566000441 | I115: 101 | K115: THB | L115: IG07 | M115: _SYS00000000092 | N115: _SYS00000000146 | R115: 0
A116: =_xlfn.XLOOKUP(I116,Sheet1!B:B,Sheet1!A:A,0) -> 940 | B116: S | C116: 114 | D116: ณ-0001 | E116: นางสาว | F116: ณณธิฌา วงศ์วัชรา | G116: นางสาว ณณธิฌา วงศ์วัชรา | H116: 1103701893401 | I116: 107 | K116: THB | L116: IG07 | M116: _SYS00000000092 | N116: _SYS00000000146
A117: =_xlfn.XLOOKUP(I117,Sheet1!B:B,Sheet1!A:A,0) -> 940 | B117: S | C117: 115 | D117: ณ-0002 | E117: คุณ | F117: คุณ ณิศสรณ์ โอทาเกะ | G117: คุณ ณิศสรณ์ โอทาเกะ | H117: 3341000051376 | I117: 107 | K117: THB | L117: IG07 | M117: _SYS00000000092 | N117: _SYS00000000146
A118: =_xlfn.XLOOKUP(I118,Sheet1!B:B,Sheet1!A:A,0) -> 939 | B118: S | C118: 116 | D118: ด-0001 | E118: บริษัท | F118: ดีเคเอสเอช (ประเทศไทย) จำกัด | G118: บริษัท ดีเคเอสเอช (ประเทศไทย) จำกัด | H118: 105523002118 | I118: 101 | J118: 5 | K118: THB | L118: IG07 | M118: _SYS00000000092 | N118: _SYS00000000146 | R118: 0
A119: =_xlfn.XLOOKUP(I119,Sheet1!B:B,Sheet1!A:A,0) -> 939 | B119: S | C119: 117 | D119: ด-0002 | E119: บริษัท | F119: เดอะมอลล์ชอปปิ้งคอมเพล็กซ์ จำกัด | G119: บริษัท เดอะมอลล์ชอปปิ้งคอมเพล็กซ์ จำกัด | H119: 105529037614 | I119: 101 | K119: THB | L119: IG07 | M119: _SYS00000000092 | N119: _SYS00000000146 | R119: 0
A120: =_xlfn.XLOOKUP(I120,Sheet1!B:B,Sheet1!A:A,0) -> 939 | B120: S | C120: 118 | D120: ด-0003 | E120: บริษัท | F120: เดอร์มาเอสเธติค จำกัด | G120: บริษัท เดอร์มาเอสเธติค จำกัด | H120: 105554091252 | I120: 101 | J120: 2 | K120: THB | L120: IG07 | M120: _SYS00000000092 | N120: _SYS00000000146 | R120: 0
A121: =_xlfn.XLOOKUP(I121,Sheet1!B:B,Sheet1!A:A,0) -> 939 | B121: S | C121: 119 | D121: ด-0004 | E121: บริษัท | F121: เดอะธี แอนด์ ธัช จำกัด | G121: บริษัท เดอะธี แอนด์ ธัช จำกัด | H121: 135563014753 | I121: 101 | J121: 2 | K121: THB | L121: IG07 | M121: _SYS00000000092 | N121: _SYS00000000146 | R121: 0
A122: =_xlfn.XLOOKUP(I122,Sheet1!B:B,Sheet1!A:A,0) -> 939 | B122: S | C122: 120 | D122: ด-0005 | E122: บริษัท | F122: เดอะมอลล์บางกะปิคอมเพล็กซ์ จำกัด | G122: บริษัท เดอะมอลล์บางกะปิคอมเพล็กซ์ จำกัด | H122: 105534051727 | I122: 101 | K122: THB | L122: IG07 | M122: _SYS00000000092 | N122: _SYS00000000146 | R122: 0
A123: =_xlfn.XLOOKUP(I123,Sheet1!B:B,Sheet1!A:A,0) -> 939 | B123: S | C123: 121 | D123: ด-0006 | E123: บริษัท | F123: ดิจิเวิร์ส คอนซัลแทนท์ จำกัด | G123: บริษัท ดิจิเวิร์ส คอนซัลแทนท์ จำกัด | H123: 105565139448 | I123: 101 | K123: THB | L123: IG07 | M123: _SYS00000000092 | N123: _SYS00000000146 | R123: 0
A124: =_xlfn.XLOOKUP(I124,Sheet1!B:B,Sheet1!A:A,0) -> 939 | B124: S | C124: 122 | D124: ด-0007 | E124: บริษัท | F124: เดอะ โกสท์ สตูดิโอ จำกัด | G124: บริษัท เดอะ โกสท์ สตูดิโอ จำกัด | H124: 105565095670 | I124: 101 | K124: THB | L124: IG07 | M124: _SYS00000000092 | N124: _SYS00000000146 | R124: 0
A125: =_xlfn.XLOOKUP(I125,Sheet1!B:B,Sheet1!A:A,0) -> 939 | B125: S | C125: 123 | D125: ด-0008 | E125: บริษัท | F125: ดับเบิ้ลพี ดิจิตอล จำกัด | G125: บริษัท ดับเบิ้ลพี ดิจิตอล จำกัด | H125: 405566000572 | I125: 101 | K125: THB | L125: IG07 | M125: _SYS00000000092 | N125: _SYS00000000146 | R125: 0
A126: =_xlfn.XLOOKUP(I126,Sheet1!B:B,Sheet1!A:A,0) -> 939 | B126: S | C126: 124 | D126: ด-0009 | E126: บริษัท | F126: โดปอายส์ จำกัด | G126: บริษัท โดปอายส์ จำกัด | H126: 105563126292 | I126: 101 | K126: THB | L126: IG07 | M126: _SYS00000000092 | N126: _SYS00000000146 | R126: 0
A127: =_xlfn.XLOOKUP(I127,Sheet1!B:B,Sheet1!A:A,0) -> 939 | B127: S | C127: 125 | D127: ด-0010 | E127: บริษัท | F127: ดอยแม่สลอง สื่อสังคมออนไลน์ จำกัด | G127: บริษัท ดอยแม่สลอง สื่อสังคมออนไลน์ จำกัด | H127: 105559040095 | I127: 101 | K127: THB | L127: IG07 | M127: _SYS00000000092 | N127: _SYS00000000146 | R127: 0
A128: =_xlfn.XLOOKUP(I128,Sheet1!B:B,Sheet1!A:A,0) -> 939 | B128: S | C128: 126 | D128: ด-0011 | E128: บริษัท | F128: เดอะเลมอนชอต จำกัด | G128: บริษัท เดอะเลมอนชอต จำกัด | H128: 105566197395 | I128: 101 | K128: THB | L128: IG07 | M128: _SYS00000000092 | N128: _SYS00000000146 | R128: 0
A129: =_xlfn.XLOOKUP(I129,Sheet1!B:B,Sheet1!A:A,0) -> 939 | B129: S | C129: 127 | D129: ด-0012 | E129: บริษัท | F129: ไดเม่ จำกัด | G129: บริษัท ไดเม่ จำกัด | H129: 135565013291 | I129: 101 | K129: THB | L129: IG07 | M129: _SYS00000000092 | N129: _SYS00000000146 | R129: 0
A130: =_xlfn.XLOOKUP(I130,Sheet1!B:B,Sheet1!A:A,0) -> 939 | B130: S | C130: 128 | D130: ต-0001 | E130: บริษัท | F130: เด็มเฮ้าส์ โปรดั๊กชั่น จำกัด | G130: บริษัท เด็มเฮ้าส์ โปรดั๊กชั่น จำกัด | H130: 105562145871 | I130: 101 | K130: THB | L130: IG07 | M130: _SYS00000000092 | N130: _SYS00000000146 | R130: 0
...

Sheet Sheet1
A2: series
A3: 939 | B3: 101 | C3: Company
A4: 940 | B4: 107 | C4: Person
A5: 942 | B5: 109 | C5: เจ้าหนี้อื่น
A6: 985 | B6: 108 | C6: หจก.
